{
  "timestamp": "2025-11-07T02:40:26.775439",
  "n_samples": 1200,
  "accuracy": 0.48333333333333334,
  "macro_avg": {
    "precision": 0.4636233909040926,
    "recall": 0.48333333333333334,
    "f1-score": 0.4565803238378054,
    "support": 240.0
  },
  "weighted_avg": {
    "precision": 0.4636233909040926,
    "recall": 0.48333333333333334,
    "f1-score": 0.45658032383780534,
    "support": 240.0
  },
  "classes": {
    "0": {
      "precision": 0.6140350877192983,
      "recall": 0.875,
      "f1-score": 0.7216494845360825,
      "support": 40.0
    },
    "1": {
      "precision": 0.4807692307692308,
      "recall": 0.625,
      "f1-score": 0.5434782608695652,
      "support": 40.0
    },
    "2": {
      "precision": 0.36,
      "recall": 0.225,
      "f1-score": 0.27692307692307694,
      "support": 40.0
    },
    "3": {
      "precision": 0.48148148148148145,
      "recall": 0.65,
      "f1-score": 0.5531914893617021,
      "support": 40.0
    },
    "4": {
      "precision": 0.5454545454545454,
      "recall": 0.3,
      "f1-score": 0.3870967741935484,
      "support": 40.0
    },
    "5": {
      "precision": 0.3,
      "recall": 0.225,
      "f1-score": 0.2571428571428571,
      "support": 40.0
    }
  }
}